,Fund Name,P1,P2,P3,P4,P5,Topsis_Score,Rank
0,M1,0.7021548512811044,0.6888011583434598,1.2643009398885352,0.9676172054980801,1.343969175228314,0.41011392053348156,8
1,M2,0.760667801226019,0.805218263672636,1.3209114673378528,0.7285859207661846,1.079231750235533,0.45037118504261753,5
2,M3,0.6603599582110836,0.6014883582590773,0.9057678993093661,1.0733426573107983,1.4122884318945368,0.5311718809181123,3
3,M4,0.6520009297736368,0.5917869424524792,1.2076905024191704,0.97451241036991,1.3396992216866752,0.41348764109158453,7
4,M5,0.7857447370680314,0.8537254005306261,0.679325879492048,1.4295912850735655,1.8051245649402081,0.5770466378641852,2
5,M6,0.7355908155605638,0.7470097110080479,1.226560648242292,1.18366479546984,1.5916266842508169,0.4180475006904171,6
6,M7,0.5516931365821441,0.42686270026531303,1.0001187184049267,1.1239069962059092,1.4763378368228433,0.46430358036160935,4
7,M8,0.7773857584540272,0.8343225689174298,0.6415855878458048,0.8503999501433803,1.126201340997284,0.6274416104175378,1
