,Fund Name,P1,P2,P3,P4,P5,Topsis_Score,Rank
0,M1,0.3510774256405522,0.3444005791717299,0.4214336466295117,0.32253906849936004,0.3359922938070785,0.6033415841584158,3
1,M2,0.3803339006130095,0.402609131836318,0.44030382244595095,0.24286197358872819,0.26980793755888327,0.6059286551666389,2
2,M3,0.3301799791055418,0.30074417912953866,0.301922633103122,0.35778088577026607,0.3530721079736342,0.45300290243357894,7
3,M4,0.3260004648868184,0.2958934712262396,0.40256350080639014,0.32483747012330333,0.3349248054216688,0.5323185988323603,5
4,M5,0.3928723685340157,0.42686270026531303,0.2264419598306827,0.4765304283578552,0.45128114123505203,0.5461899369034137,4
5,M6,0.3677954077802819,0.37350485550402396,0.4088535494140973,0.39455493182328005,0.3979066710627042,0.6533082863702776,1
6,M7,0.27584656829107207,0.21343135013265652,0.3333729061349756,0.37463566540196974,0.3690844592057108,0.3939698492462312,8
7,M8,0.3886928792270136,0.4171612844587149,0.21386186261526827,0.2834666500477934,0.281550335249321,0.4940577249575552,6
